insert into roles(id,name)
values (1,'USER');
insert into roles(id,name)
values (2,'ADMIN');

insert into genre(id,name)
values (1,'Боевик');
insert into genre(id,name)
values (2,'Драма');
insert into genre(id,name)
values (3,'Детектив');
insert into genre(id,name)
values (4,'Ужасы');
insert into genre(id,name)
values (5,'Комедия');

insert into film(id,title,description,release_date,country,image)
values (1,'Джон Уик 3'
        ,'Тайная гильдия профессиональных убийц хочет уничтожить Джона Уика, после того как он нарушил кодекс ассасинов. За его голову назначена награда в 14 миллионов долларов. Лучшие убийцы планеты начинают охоту на киллера.'
        ,'2019-05-16'
        ,'США'
        ,'https://upload.wikimedia.org/wikipedia/ru/1/1d/John_Wick_3.jpg');
insert into film(id,title,description,release_date,country,image)
values (2,'Апгрейд'
       ,'Действие фильма происходит в ближайшем будущем, где все аспекты жизни контролирует компьютерный разум. Грэй в результате трагедии теряет свою жену, а сам получает тяжёлую травму, которая приводит к параличу. Чтобы отомстить виновникам его горя, он соглашается внедрить ему экспериментальный имплантат, который поможет ему встать на ноги. Но оказывается, что у этого чипа есть свой собственный разум.'
       ,'2018-11-22'
       ,'Австралия'
       ,'https://avatars.mds.yandex.net/get-kinopoisk-image/1599028/ca1cf536-3adf-40ad-8530-55808ff29e95/300x450');
insert into film(id,title,description,release_date,country,image)
values (3,'Миссия невыполнима'
       ,'Команде Итана Ханта вместе с их новыми союзниками предстоит вступить в гонку на опережение с самим временем, так как их задание пошло не по запланированному сценарию.'
       ,'2018-07-26'
       ,'США'
       ,'https://upload.wikimedia.org/wikipedia/ru/9/96/%D0%9F%D0%BE%D1%81%D1%82%D0%B5%D1%80_%D1%84%D0%B8%D0%BB%D1%8C%D0%BC%D0%B0_%C2%AB%D0%9C%D0%B8%D1%81%D1%81%D0%B8%D1%8F_%D0%BD%D0%B5%D0%B2%D1%8B%D0%BF%D0%BE%D0%BB%D0%BD%D0%B8%D0%BC%D0%B0_%D0%9F%D0%BE%D1%81%D0%BB%D0%B5%D0%B4%D1%81%D1%82%D0%B2%D0%B8%D1%8F%C2%BB.jpg');
insert into film(id,title,description,release_date,country,image)
values (4,'Заложница'
       ,'Дочь агента ЦРУ отправляется в путешествие в Париж, где её похищают для продажи в рабство. Отец использует свой опыт в агентстве, чтобы найти дочь и отомстить преступникам...'
       ,'2008-09-17'
       ,'Франция'
       ,'https://upload.wikimedia.org/wikipedia/ru/9/98/Taken-poster-0.jpg');
insert into film(id,title,description,release_date,country,image)
values (5,'Олдбой'
       ,'Примерный семьянин Дэ-су был похищен неизвестными. Его бросили в клетку на 15 лет без объяснения причин. Когда его выпускают, единственное желание – отомстить, но вскоре герой узнаёт, что его похититель ещё не исполнил свой план до конца, и планирует продолжить страдания Дэ-су.'
       ,'2004-11-18'
       ,'Южная корея'
       ,'https://avatars.mds.yandex.net/get-kinopoisk-image/1773646/f91ef1b3-aeff-4835-8117-8a23781f2533/600x900');
insert into film(id,title,description,release_date,country,image)
values (6,'Убить Билла'
       ,'В беременную наемную убийцу по кличке Черная Мамба во время бракосочетания стреляет человек по имени Билл. Пуля в голове жертвы, кровь на подвенечном платье, темнота, но Черная Мамба выжила... Через пять лет Невеста приходит в себя. У нее есть только одна цель - месть, у нее есть только одно желание - убить Билла.'
       ,'2003-12-04'
       ,'США'
       ,'https://avatars.mds.yandex.net/get-kinopoisk-image/1599028/c28ed8ad-54b7-4781-8f42-002d26b39b7f/600x900');
insert into film(id,title,description,release_date,country,image)
values (7,'Перевозчик'
       ,'Фрэнк Мартин зарабатывает на жизнь тем, что перевозить грузы по французскому Средиземноморью. Он качественно выполняет свою работу, при этом ему не нужны имена, и он никогда не смотрит, что конкретно он везёт на этот раз. Однако последний заказ оказался не таким как все. Фрэнк обнаружил, что грузом была женщина, а точнее дочь китайского мафиози.'
       ,'2003-01-02'
       ,'Франция'
       ,'https://upload.wikimedia.org/wikipedia/ru/6/68/Transporterposter.jpg');
insert into film(id,title,description,release_date,country,image)
values (8,'Идентификация Борна'
       ,'В водах Средиземного моря итальянские рыбаки находят тело мужчины. Когда он приходит в себя, он не может вспомнить кто он, и что с ним случилось. Позже выясняется, что он может разговаривать на нескольких языках и обладает другими не совсем обычными способностями для рядового человека. В Цюрихе, используя номер банковского счета, указанного на имплантированном в него микрофильме, он узнает своё имя - Джейсон Борн. Пытаясь понять своё прошлое, он понимает, что в настоящем за ним следует убийца.  '
       ,'2002-10-02'
       ,'Россия'
       ,'https://upload.wikimedia.org/wikipedia/ru/thumb/d/d3/Bourne_identity_the.jpg/210px-Bourne_identity_the.jpg');
insert into film(id,title,description,release_date,country,image)
values (9,'Отчаянный'
       ,'Бесстрашный мужчина ведёт охоту на руководителя крупнейшего преступного сообщества. На кону находится жизнь его любимой. Герой отважно вступает в смертельное противостояние с армией головорезов.'
       ,'1995-05-05'
       ,'США'
       ,'https://avatars.mds.yandex.net/get-kinopoisk-image/1773646/a0abf804-3b72-446e-ac88-79376bb828ef/600x900');
insert into film(id,title,description,release_date,country,image)
values (10,'Терминатор 2: Судный день'
       ,'Война роботов и людей продолжается. Казалось, что человечество обречено на полное уничтожение. Но благодаря своему лидеру Джону Коннору у сопротивления появляется шанс победить. Не имея возможности убить Джона в реальном времени, роботы отправляют в прошлое свою самую совершенную разработку — терминатора-убийцу из жидкого металла, способного принимать любое обличье.'
       ,'1991-07-02'
       ,'США'
       ,'https://avatars.mds.yandex.net/get-kinopoisk-image/1704946/ade65029-952f-488d-87b2-20c676970151/600x900');
insert into film(id,title,description,release_date,country,image)
values (11,'Защитники'
       ,'Давно пора было снимать такие ленты, а то «исключительные американцы» уже порядком надоели. Картина посвящена спасению мира от мощного врага. Чтобы победить необходимо сверхоружие – секретный отряд, созданный во времена Холодной войны на территории СССР. Долгое время они скрывались, но теперь настал момент выйти из тени.'
       ,'2017-02-05'
       ,'Россия'
       ,'https://upload.wikimedia.org/wikipedia/ru/9/9e/%D0%97%D0%B0%D1%89%D0%B8%D1%82%D0%BD%D0%B8%D0%BA%D0%B8-%D0%BF%D0%BE%D1%81%D1%82%D0%B5%D1%80.jpg');
insert into film(id,title,description,release_date,country,image)
values (12,'Соловей-Разбойник'
       ,'Узнав это, они решают совершить правосудие по-своему. Так появляется банда Соловья-Разбойника, за которым охотятся спецслужбы. Что-то взрывают, кого-то убивают и грабят. Отличный комедийный боевик с характерной игрой и голосом Ивана Охлобыстина.'
       ,'2012-03-07'
       ,'Россия'
       ,'https://upload.wikimedia.org/wikipedia/ru/7/72/%D0%9F%D0%BE%D1%81%D1%82%D0%B5%D1%80_%D1%84%D0%B8%D0%BB%D1%8C%D0%BC%D0%B0_%D0%A1%D0%BE%D0%BB%D0%BE%D0%B2%D0%B5%D0%B9-%D1%80%D0%B0%D0%B7%D0%B1%D0%BE%D0%B9%D0%BD%D0%B8%D0%BA.jpg');
insert into film(id,title,description,release_date,country,image)
values (13,'Новая Земля'
       ,'Как поведут себя люди, если им дать полную свободу действий? Никаких законов, правил, морали и ограничений. Вы строите свое общество самостоятельно. Именно этот эксперимент решаются провести международные организации, когда понимают, что преступников больше негде содержать. Все исправительные учреждения переполнены.'
       ,'2008-06-15'
       ,'Россия'
       ,'https://upload.wikimedia.org/wikipedia/ru/a/aa/%D0%9F%D0%BE%D1%81%D1%82%D0%B5%D1%80_%D1%84%D0%B8%D0%BB%D1%8C%D0%BC%D0%B0_%C2%AB%D0%9D%D0%BE%D0%B2%D0%B0%D1%8F_%D0%B7%D0%B5%D0%BC%D0%BB%D1%8F%C2%BB_%282011%29.jpg');
insert into film(id,title,description,release_date,country,image)
values (14,'На игре'
       ,'Что произойдет, если геймер компьютерной игры-стрелялки Counter-Strike получит сверхспособности? Благодаря победе на чемпионате по Counter-Strike помимо денежного приза, команда геймеров стала участниками эксперимента и получили суперспособности. Но они начинают использовать их во всю, убивая других людей.'
       ,'2009-07-02'
       ,'Россия'
       ,'https://upload.wikimedia.org/wikipedia/ru/9/93/%D0%9D%D0%B0_%D0%B8%D0%B3%D1%80%D0%B5_%D0%9F%D0%BE%D1%81%D1%82%D0%B5%D1%80.jpg');
insert into film(id,title,description,release_date,country,image)
values (15,'Обратный отсчет'
       ,'Москва. Поступила информация о готовящемся теракте. Все силовые структуры вовлечены в поиск террористов, но особую надежду возлагают на специальную опер группу под руководством полковника ФСБ Нечаева. У них есть только 48 часов, чтобы спасти ни в чем неповинных людей.'
       ,'2006-02-04'
       ,'Россия'
       ,'https://avatars.mds.yandex.net/get-kinopoisk-image/4774061/7374cb6c-b3bf-4d87-9097-1023b74c7e83/300x450');

insert into film_genre(film_id,genre_id)
values (1,1);
insert into film_genre(film_id,genre_id)
values (2,1);
insert into film_genre(film_id,genre_id)
values (3,1);
insert into film_genre(film_id,genre_id)
values (4,1);
insert into film_genre(film_id,genre_id)
values (5,1);
insert into film_genre(film_id,genre_id)
values (6,1);
insert into film_genre(film_id,genre_id)
values (7,1);
insert into film_genre(film_id,genre_id)
values (8,1);
insert into film_genre(film_id,genre_id)
values (9,1);
insert into film_genre(film_id,genre_id)
values (10,1);
insert into film_genre(film_id,genre_id)
values (11,1);
insert into film_genre(film_id,genre_id)
values (12,1);
insert into film_genre(film_id,genre_id)
values (13,1);
insert into film_genre(film_id,genre_id)
values (14,1);
insert into film_genre(film_id,genre_id)
values (15,1);


insert into film(id,title,description,release_date,country,image)
values (16,'Холодное лето пятьдесят третьего'
       ,'53 год. Время репрессий постепенно уходит в прошлое. На свободу выходят редкие политзаключенные. Двое из них сталкиваются с уголовниками, получившими амнистию. Это неравный поединок. Но люди, отдавшие немалую часть своей жизни на несправедливое заключение, сохранили свои понятия о добре и зле. Они вступают в борьбу, за место на свободе.'
       ,'1987-05-02'
       ,'Россия'
       ,'https://www.film.ru/sites/default/files/movies/posters/7660.jpg');
insert into film(id,title,description,release_date,country,image)
values (17,'Побег из Шоушенка'
       ,'Эндю Дюфрейн - бывший вице-президент крупного банка, заключенный тюрьмы Шоушенк. Ему нет и 30, а у него два пожизненных за убийства жены и любовницы. Он не совершал этих преступлений, но он попал под волну страшных стечений обстоятельств.За всю историю Шоушенка никому не удавалось из него сбежать...'
       ,'1994-03-10'
       ,'США'
       ,'https://upload.wikimedia.org/wikipedia/ru/d/de/Movie_poster_the_shawshank_redemption.jpg');
insert into film(id,title,description,release_date,country,image)
values (18,'Белый Бим Черное ухо'
       ,'История пса по имени Бим. Ему предстояло печальное и трогательное, грустное и веселое, опасное и длинное путешествие в поисках своего дома.'
       ,'1976-02-15'
       ,'Россия'
       ,'https://thumbs.dfs.ivi.ru/storage15/contents/e/5/3c9513b7284a18d6e001d93e3fb9dd.jpg');
insert into film(id,title,description,release_date,country,image)
values (19,'Темный рыцарь'
       ,'Бэтман вершит правосудие в Готэме. Его партнерами становятся инспектор полиции Гордон и новый окружной прокурор Харви Дент. Это трио готово искоренить преступность в городе, однако появление нового безжалостного преступника по кличке Джокер может свести все их усилия на нет.'
       ,'2008-10-03'
       ,'США'
       ,'https://upload.wikimedia.org/wikipedia/ru/f/f4/%D0%A2%D1%91%D0%BC%D0%BD%D1%8B%D0%B9_%D1%80%D1%8B%D1%86%D0%B0%D1%80%D1%8C_%282008%29_%D0%BF%D0%BE%D1%81%D1%82%D0%B5%D1%80.jpg');
insert into film(id,title,description,release_date,country,image)
values (20,'Аватар'
       ,'Бывший десантник Джейк Салли получает предложение отправиться на далекую планету Пандора, где добывается редкий минерал. Проблема в том, что Джейк не может ходить после тяжелого ранения. Но ее удается решить за счет так называемого Аватара - клона наделенного необходимыми для выживания на негостеприимной планете качествами, которым можно управлять посредством специального интерфейса.'
       ,'2009-01-02'
       ,'США'
       ,'https://upload.wikimedia.org/wikipedia/ru/4/4b/Avatar-2009.jpg');
insert into film(id,title,description,release_date,country,image)
values (21,'1+1'
       ,'Основанная на реальных событиях история необычной дружбы двух совершенно непохожих друг на друга мужчин: прикованного к инвалидному креслу богатого аристократа и только что освободившегося из тюрьмы молодого араба.'
       ,'2011-02-05'
       ,'Франция'
       ,'https://upload.wikimedia.org/wikipedia/ru/b/b9/Intouchables.jpg');
insert into film(id,title,description,release_date,country,image)
values (22,'Одержимость'
       ,'История о молодом музыканте, преодолевающем различные препятствия на пути к осуществлению мечты всей своей жизни - стать одним из лучших джазовых барабанщиков.'
       ,'2014-05-02'
       ,'США'
       ,'https://upload.wikimedia.org/wikipedia/ru/0/01/Whiplash_poster.jpg');
insert into film(id,title,description,release_date,country,image)
values (23,'Остров проклятых'
       ,'Действие фильма происходит в 1954 году. Леонардо ДиКаприо играет маршала США, расследующего исчезновение из психиатрической клиники женщины, которую подозревают в убийствах.'
       ,'2010-07-02'
       ,'США'
       ,'https://upload.wikimedia.org/wikipedia/ru/thumb/2/22/Kinopoisk.ru-Shutter-Island-1094940.jpg/203px-Kinopoisk.ru-Shutter-Island-1094940.jpg');
insert into film(id,title,description,release_date,country,image)
values (24,'Великая красота'
       ,'Сюжет картины вращается вокруг живущего в современном Риме немолодого писателя, с горечью вспоминающего о своей страстной, насыщенной событиями молодости.'
       ,'2013-04-12'
       ,'Италия'
       ,'https://avatars.mds.yandex.net/get-kinopoisk-image/1773646/26840c09-0697-454f-abd5-1ae4c721c7cd/600x900');
insert into film(id,title,description,release_date,country,image)
values (25,'FORD против FERRARI'
       ,'Обладатели премии «Оскар» Мэтт Дэймон и Кристиан Бэйл в реальной истории двух мечтателей, которые объединили усилия и потрясли мир. Фильм Джеймса Мэнголда рассказывает о взаимоотношениях американского автомобильного конструктора Кэрролла Шелби и отважного британского гонщика Кена Майлза, которые вместе бросили вызов корпорациям и собственным демонам, чтобы создать абсолютно новый спорткар, который смог конкурировать с Ferrari на чемпионате мира, прошедшем во Франции в середине 1960-х.'
       ,'2019-03-17'
       ,'США'
       ,'https://avatars.mds.yandex.net/get-kinopoisk-image/1898899/211e880d-c183-43aa-83b0-13c08109eaf7/300x450');
insert into film(id,title,description,release_date,country,image)
values (26,'Брат'
       ,'Демобилизовавшись, Данила Багров вернулся в родной городок. Но скучная жизнь российской провинции не устраивала его, и он решился податься в Петербург, где, по слухам, уже несколько лет процветает его старший брат. Данила нашел брата. Но все оказалось не так просто — брат работает наемным убийцей.'
       ,'1997-02-18'
       ,'Россия'
       ,'https://avatars.mds.yandex.net/get-kinopoisk-image/1704946/e9008e2f-433f-43b0-b9b8-2ea8e3fb6c9b/600x900');
insert into film(id,title,description,release_date,country,image)
values (27,'Дурак'
       ,'Жизни 800 человек общежития висят буквально на волоске из-за безразличия местных властей. В любую секунду здание может рухнуть. И кто бы мог подумать, что судьбы людей окажутся в руках простого сантехника. Но удастся ли ему что-то изменить и предотвратить катастрофу?'
       ,'2014-10-02'
       ,'Россия'
       ,'https://cdn1.intermedia.ru/img/news_x400/366331.jpg');
insert into film(id,title,description,release_date,country,image)
values (28,'Огонь'
       ,'После гибели подчинённого бывалый инструктор бригады пожарных Алексей Соколов хотел было уволиться, но лето в России — жаркая пора. Взяв в команду шестым нахального новичка, парня своей дочери, Соколов отправляется на очередное задание в Карелию. И это задание будет гораздо сложнее, чем он мог себе представить.'
       ,'2020-04-20'
       ,'Россия'
       ,'https://upload.wikimedia.org/wikipedia/ru/7/73/%D0%9E%D0%B3%D0%BE%D0%BD%D1%8C_%28%D0%B0%D1%84%D0%B8%D1%88%D0%B0%29.jpg');
insert into film(id,title,description,release_date,country,image)
values (29,'Ворошиловский стрелок'
       ,'Пенсионер, железнодорожник в отставке, скромно живёт со своей внучкой Катей. В соседнем доме постоянно собираются трое молодых бездельников, чувствующие себя безнаказанными хозяевами жизни. Однажды они хитростью заманили Катю к себе, где изнасиловали.  Поначалу насильников арестовывают, однако отец одного из них — большой милицейский начальник — освобождает их. После безуспешных попыток наказать преступников законным путём, Иван Фёдорович посчитал своим долгом восстановить справедливость сам...'
       ,'1999-12-20'
       ,'Россия'
       ,'https://upload.wikimedia.org/wikipedia/ru/c/cf/Vorosh_Strel.jpg');
insert into film(id,title,description,release_date,country,image)
values (30,'Экипаж'
       ,'Гущин начинает свою лётную жизнь сначала. Его наставник — командир воздушного судна — суровый и принципиальный Леонид Зинченко. Его коллега — второй пилот, неприступная красавица Александра. Отношения складываются непросто. Но на грани жизни и смерти, когда земля уходит из-под ног, вокруг — огонь и пепел, и только в небе есть спасение, Гущин показывает всё, на что он способен. Только вместе экипаж сможет совершить подвиг и спасти сотни жизней.'
       ,'2016-02-02'
       ,'Россия'
       ,'https://upload.wikimedia.org/wikipedia/ru/a/a5/%D0%AD%D0%BA%D0%B8%D0%BF%D0%B0%D0%B6-%D0%BF%D0%BE%D1%81%D1%82%D0%B5%D1%80.jpg');

insert into film_genre(film_id,genre_id)
values (16,2);
insert into film_genre(film_id,genre_id)
values (17,2);
insert into film_genre(film_id,genre_id)
values (18,2);
insert into film_genre(film_id,genre_id)
values (19,2);
insert into film_genre(film_id,genre_id)
values (20,2);
insert into film_genre(film_id,genre_id)
values (21,2);
insert into film_genre(film_id,genre_id)
values (22,2);
insert into film_genre(film_id,genre_id)
values (23,2);
insert into film_genre(film_id,genre_id)
values (24,2);
insert into film_genre(film_id,genre_id)
values (25,2);
insert into film_genre(film_id,genre_id)
values (26,2);
insert into film_genre(film_id,genre_id)
values (27,2);
insert into film_genre(film_id,genre_id)
values (28,2);
insert into film_genre(film_id,genre_id)
values (29,2);
insert into film_genre(film_id,genre_id)
values (30,2);

insert into film(id,title,description,release_date,country,image)
values (31,'Убийство в тени'
       ,'Действие происходит в Кенсоне в 1910 год. Хон Джи-хо работает репортером, но для упругости кошелька подрабатывает на не особо пыльной работенке — занимается розыском сбежавших жен. Он копит деньги на осуществление мечты, хочет уехать в Америку. К нему за помощью обращается студент-медик. Парень случайно нашел в лесу тело сына министра внутренних дел, которого считали пропавшим без вести. Студент боится, что в убийстве обвинят его и просит Хон Джи-хо найти настоящего преступника.'
       ,'2009-10-01'
       ,'Южная Корея'
       ,'https://tv.lordfilm.lu/uploads/posts/2021-02/493138_1614387626.jpg');
insert into film(id,title,description,release_date,country,image)
values (32,'Порок'
       ,'ФБР занимается поисками техасского маньяка, известного под прозвищем «Рука Бога». Расследование возглавляет агент Уэсли Дойл. К нему однажды является молодой человек по имени Фентон Мейкс. Он уверяет, что хорошо знает убийцу, ведь это его младший брат Адам. Фентон рассказывает об ужасах, которые творились в их семье, убийствах, которые стали неотъемлемой частью жизни. После этих рассказов агент Дойл вместе со своим посетителем выезжает на место убийства. Кажется, расследование продвигается. Но так ли это на самом деле?'
       ,'2001-02-01'
       ,'США'
       ,'https://avatars.mds.yandex.net/get-kinopoisk-image/6201401/80e99a68-d31b-4844-a3f7-4df882033a9e/600x900');
insert into film(id,title,description,release_date,country,image)
values (33,'Мистериум. Журнал 64'
       ,'Отдел полиции «Q», специализирующийся на нераскрытых старых преступлениях, расследует тайну трех мумий, найденных в копенгагенской квартире. Мумии сидят за обеденным столом. Карл Мерк и его напарник Ассад должны разгадать эту загадку, загаданную, кажется, самим временем. Шаг за шагом они приближаются к разгадке. Становится ясна связь этого преступления с событиями 1960-х. Расследование приводит напарников на отдаленный островок, где раньше располагалась таинственная клиника, куда ссылали Интересный факт: не соответствовавших общественной морали девушек.'
       ,'2018-09-02'
       ,'Дания'
       ,'https://avatars.mds.yandex.net/get-kinopoisk-image/4303601/6724640b-87e0-4662-97be-e4343a0bc392/300x450');
insert into film(id,title,description,release_date,country,image)
values (34,'Дело Коллини'
       ,'Начинающий адвокат Каспар Лайнен должен защищать в суде интересы непримечательного механика, итальянца Фабрицио Коллини, без видимых на первый взгляд причин убившего немецкого бизнесмена Ханса Майера. Убийца сам сдался полиции. Коллини не идет на контакт, все время молчит и это серьезно осложняет работу Каспара. К тому же оказывается, что внучка убитого была первой любовью адвоката. Теперь она требует от него бросить защиту убийцы дедушки. Лайнену случайно удается найти зацепку, и для него становится очевидным, что дело может обернуться крупнейшим судебным скандалом Германии.'
       ,'2019-05-10'
       ,'Германия'
       ,'https://avatars.mds.yandex.net/get-kinopoisk-image/1704946/51ab24d3-f297-4353-9a91-4ec1c79f3789/600x900');
insert into film(id,title,description,release_date,country,image)
values (35,'Десять негритят'
       ,'На скалистом острове собирается группа незнакомых раньше людей. Все они прибыли по приглашению загадочного Алена Оуэна. Незнакомцы представляют разные социальные слои, здесь и судья, и пожилая дама, и военный в отставке. Самого Оуэна нигде нет, и гости острова заселяются в замок. Во время обеда собравшиеся слышат обвинения в свой адрес, и вскоре их начинает настигать возмездие.'
       ,'1987-02-05'
       ,'Россия'
       ,'https://upload.wikimedia.org/wikipedia/ru/e/e1/1987_desyat_negrityat.jpg');
insert into film(id,title,description,release_date,country,image)
values (36,'Ветреная река'
       ,'Егерь индейской резервации в Вайоминге Кори Ламберт отправляется на поиски горного льва, нападающего на рогатый скот. Однако вместо льва он случайно находит труп молодой девушки-индианки Натали Хэнсон. Тело лежит в снегу посреди леса. Для расследования ФБР посылает на место молодого агента Джейн Бэннер. Патологоанатом отказывается написать в заключении о смерти, что это убийство и ФБР по этой причине не может прислать других агентов на помощь Бэннер. Она просит о помощи Ламберта и тот не отказывает. Труп девушки окажется не последним, который найдут сыщики.'
       ,'2017-07-04'
       ,'США'
       ,'https://avatars.mds.yandex.net/get-kinopoisk-image/1900788/7dad289c-770b-4dd5-b2b8-6a6eada366cb/600x900');
insert into film(id,title,description,release_date,country,image)
values (37,'Игра на выживание'
       ,'Маньяк похищает Джилл Пэрриш в одной ночной рубашке прямо из кровати. Ей удается выбраться из ямы, в которую он ее посадил. Грязная и босая она сумела добраться до людей. Джилл рассказала полицейским, что в той яме, где она сидела, были еще человеческие останки. Полиция ничего не находит. Экспертиза показала у нее психическое расстройство, и теперь ей никто не верит. Через год пропадает сестра Джилл, и девушка берется за расследование.  '
       ,'2012-04-12'
       ,'США'
       ,'https://upload.wikimedia.org/wikipedia/ru/c/c4/%D0%98%D0%B3%D1%80%D0%B0_%D0%BD%D0%B0_%D0%B2%D1%8B%D0%B6%D0%B8%D0%B2%D0%B0%D0%BD%D0%B8%D0%B5.jpg');
insert into film(id,title,description,release_date,country,image)
values (38,'Твин Пикс: Сквозь огонь'
       ,'Тихий и уютный городок Твин Пикс, расположившийся в живописном месте, вовсе не такой, каким кажется на первый взгляд. Здесь подают вкусный кофе и вишневый пирог, люди выглядят добропорядочными и преданными своим семьям. Королева красоты местной школы Лора Палмер наглядно иллюстрирует пороки города, она встречается с двумя парнями, употребляет наркотики, причем делает это перед уроками. Что же еще нарушит идиллию? Загадочная смерть и расследование, таинственный дневник и исчезнувшие свидетели и зловещие предзнаменования.'
       ,'1992-05-23'
       ,'США'
       ,'https://avatars.mds.yandex.net/get-kinopoisk-image/1900788/c1c38edd-92c2-42f2-961b-ef8f64501c63/600x900');
insert into film(id,title,description,release_date,country,image)
values (39,'Хороший лжец'
       ,'Английский мошенник Рой Кортни не может наслаждаться простыми радостями пенсионера. Бес в ребро — это про него. Аферист хочет завоевать сердце обеспеченной вдовы Бетти МакЛиш. Сама вдова его интересует мало, в отличие от ее банковского счета. Казалось бы, простое и прибыльное дело для Роя. Однако у дамы свои тайны и мотивы. Доверчивая Бетти оказывается не так проста, и плану опытного преступника грозит опасность.'
       ,'2019-02-02'
       ,'Великобритания'
       ,'https://avatars.mds.yandex.net/get-kinopoisk-image/1704946/7b9c4555-768e-49ac-8f18-fe516481a311/300x450');
insert into film(id,title,description,release_date,country,image)
values (40,'Ликвидация'
       ,'Послевоенная Одесса, разгул преступности. В городе орудует банда бывших диверсантов во главе с загадочным Академиком, которого не знают даже свои. Бандиты грабят военные склады и пытаются переправить продовольствие, обмундирование и оружие бандеровцам. В это время недовольный Жуковым Сталин назначает его командующим Одесским округом. Маршал всеми силами пытается навести в городе порядок.'
       ,'2007-12-14'
       ,'Россия'
       ,'https://avatars.mds.yandex.net/get-kinopoisk-image/1946459/5fd40d16-f1e2-4e63-a958-a52442ae8c64/600x900');
insert into film(id,title,description,release_date,country,image)
values (41,'Перевал Дятлова'
       ,'Зима 1959 года. Уральские горы. Группа из девяти студентов под руководством Игоря Дятлова отправилась в поход к заснеженным вершинам. Из этого путешествия живым не вернулся никто. Что произошло с туристами? Погибли под снежной лавиной, были убиты местными жителями или беглыми заключенными? Или же их смерть вызвана встречей со сверхъестественным?'
       ,'2020-01-20'
       ,'Россия'
       ,'https://avatars.mds.yandex.net/get-kinopoisk-image/1946459/042d01a1-9f33-403a-8259-464bacfdc30a/300x450');
insert into film(id,title,description,release_date,country,image)
values (42,'Крик совы'
       ,'Действие фильма разворачивается в 1957 году. В центре сюжета – происходящие в маленьком городке загадочные преступления, расследованием которых занимаются милиционер Балахнин и сотрудник КГБ Митин.'
       ,'2013-02-20'
       ,'Россия'
       ,'https://upload.wikimedia.org/wikipedia/ru/thumb/c/c4/%D0%9A%D1%80%D0%B8%D0%BA_%D1%81%D0%BE%D0%B2%D1%8B%2C_%D1%82%D0%B5%D0%BB%D0%B5%D1%81%D0%B5%D1%80%D0%B8%D0%B0%D0%BB.jpg/274px-%D0%9A%D1%80%D0%B8%D0%BA_%D1%81%D0%BE%D0%B2%D1%8B%2C_%D1%82%D0%B5%D0%BB%D0%B5%D1%81%D0%B5%D1%80%D0%B8%D0%B0%D0%BB.jpg');
insert into film(id,title,description,release_date,country,image)
values (43,'Палач'
       ,'1965 год, на окраине Москвы убит семнадцатилетний юноша. Подозрение падает на его друга, но в эту версию не верит лучший сыщик Советского Союза майор Черкасов.  Следы приводят в прошлое, в годы Великой Отечественной войны, к одной из самых безжалостных убийц. Фильм основан на реальных событиях — на истории Антонины Макаровой. Она — палач.'
       ,'2014-10-03'
       ,'Россия'
       ,'https://upload.wikimedia.org/wikipedia/ru/thumb/7/75/%D0%9F%D0%B0%D0%BB%D0%B0%D1%872014.jpg/274px-%D0%9F%D0%B0%D0%BB%D0%B0%D1%872014.jpg');
insert into film(id,title,description,release_date,country,image)
values (44,'Невский'
       ,'Капитан полиции Павел Семёнов служит в одном из спальных районов Санкт-Петербурга. Павел привык разнимать пьяные драки и в одиночку входить в притоны наркоманов, чтобы провести очередной арест. Он знает, что если будет думать и рассуждать, его просто убьют. И привык сначала действовать, а потом разбираться, потому что очень хочет остаться в живых, ведь его дома ждут жена Юля и сын Саша.'
       ,'2015-06-20'
       ,'Россия'
       ,'https://www.kino-teatr.ru/movie/posters/big/0/108700.jpg');
insert into film(id,title,description,release_date,country,image)
values (45,'Подкидыш'
       ,'1926 год. Разгар НЭПа. Новгородский жулик Подкидыш, убегая от местных бандитов, попадает в Ленинград. Сотрудники милиции по ошибке принимают его за известного сыщика, которого недавно назначили начальником отдела УГРО. Подкидыш планирует незаметно исчезнуть, но, узнав, что в городе есть большой склад дорогих улик и экспроприированных вещей, решает не торопиться. Ограбить помещение, имея на руках удостоверение милиционера, довольно легко, и преступник продумывает похищение…'
       ,'2019-02-24'
       ,'Россия'
       ,'https://www.kino-teatr.ru/movie/posters/big/9/126359.jpg');

insert into film_genre(film_id,genre_id)
values (31,3);
insert into film_genre(film_id,genre_id)
values (32,3);
insert into film_genre(film_id,genre_id)
values (33,3);
insert into film_genre(film_id,genre_id)
values (34,3);
insert into film_genre(film_id,genre_id)
values (35,3);
insert into film_genre(film_id,genre_id)
values (36,3);
insert into film_genre(film_id,genre_id)
values (37,3);
insert into film_genre(film_id,genre_id)
values (38,3);
insert into film_genre(film_id,genre_id)
values (39,3);
insert into film_genre(film_id,genre_id)
values (40,3);
insert into film_genre(film_id,genre_id)
values (41,3);
insert into film_genre(film_id,genre_id)
values (42,3);
insert into film_genre(film_id,genre_id)
values (43,3);
insert into film_genre(film_id,genre_id)
values (44,3);
insert into film_genre(film_id,genre_id)
values (45,3);

insert into film(id,title,description,release_date,country,image)
values (46,'Изгоняющий дьявола'
       ,'В семью известной актрисы приходит беда - ее несовершеннолетняя дочь начинает вести себя неадекватным образом. Мать полагает, что это следствие ее личной трагедии, врачи подозревают психическое заболевание и не в силах поставить диагноз. Специально приглашенный священник подозревает, что девочка одержима дьяволом.'
       ,'1973-04-15'
       ,'США'
       ,'https://avatars.mds.yandex.net/get-kinopoisk-image/1629390/286176a1-160f-4a90-a196-4a35df79e324/600x900');
insert into film(id,title,description,release_date,country,image)
values (47,'Сияние'
       ,'Джек Торренс с женой и сыном приезжает в элегантный отдалённый отель, чтобы работать смотрителем во время мертвого сезона. Торренс здесь раньше никогда не бывал. Или это не совсем так? Ответ лежит во мраке, сотканном из преступного кошмара.  '
       ,'1980-07-20'
       ,'США'
       ,'https://upload.wikimedia.org/wikipedia/ru/e/ef/The_Shining.jpg');
insert into film(id,title,description,release_date,country,image)
values (48,'Техасская резня бензопилой'
       ,'Обеспокоенные известием о том, что хулиганы испоганили кладбище в Техасе, где похоронен их дедушка, Салли и её прикованный к инвалидной коляске брат Франклин собирают друзей и отправляются проверить, не повреждена ли дедушкина могила. Оказавшись в районе кладбища, они решают навестить старую ферму, где жил их дедуля. По соседству расположена ещё одна ферма, внешне довольно неприятная — она украшена жуткими предметами, сделанными из кожи и костей людей и животных, а живёт там жуткая семейка рабочих скотобойни.  '
       ,'1974-02-20'
       ,'США'
       ,'https://avatars.mds.yandex.net/get-kinopoisk-image/1629390/b777bddd-7ab7-424f-9e4e-d99ab7071d7e/300x450');
insert into film(id,title,description,release_date,country,image)
values (49,'Рассвет мертвецов'
       ,'Кошмар продолжается. Убежав от ужаса мертвых на вертолете, четверо путешественников вынуждены приземлиться на крышу торгового центра. Там они находят пищу, приют и неприятности - многоэтажный магазин сверху донизу забит глупыми ходячими трупами.'
       ,'1978-05-23'
       ,'Италия'
       ,'https://avatars.mds.yandex.net/get-kinopoisk-image/1773646/e6b671af-f454-400f-8283-9801ee555421/600x900');
insert into film(id,title,description,release_date,country,image)
values (50,'Призрак дома на холме'
       ,'Исследуя историю страшного дома, доктор приглашает в него трех человек, которые должны помочь ему в расследовании. А история этого дома на холме страшна: владелец дома утонул, его две жены погибли при загадочных обстоятельствах, дочь, которая его унаследовала, умерла после того, как сиделка не оказала ей помощь. Сама сиделка после вступления во владение покончила с собой. Дом принимает новых гостей и начинает с ними ужасную игру.  '
       ,'1963-02-05'
       ,'США'
       ,'https://upload.wikimedia.org/wikipedia/ru/8/87/Prizrak_doma_na_holme.jpg');
insert into film(id,title,description,release_date,country,image)
values (51,'Прочь'
       ,'Главный герой едет в гости к своей кавказкой подруге. Но её родной дом оказывается проклятым местом, где творится что-то неладное.'
       ,'2017-03-02'
       ,'США'
       ,'https://upload.wikimedia.org/wikipedia/ru/4/4e/%D0%9F%D1%80%D0%BE%D1%87%D1%8C_2017.jpg');
insert into film(id,title,description,release_date,country,image)
values (52,'Бабадук'
       ,'В день когда Амелия рожает сына, её муж погибает в автокатастрофе. Это событие оставляет глубокий отпечаток. И спустя шесть лет мальчика преследуют кошмары и зловещие существа. Однажды вместо книжки со сказками Амелия читает на ночь детскую страшилку про Бабадука. После этой книги их страхи из воображаемого мира начинают проявляться и в реальном. И чем больше мать с сыном пытаются их прогнать и побороть, тем сильнее это таинственная сила становится.'
       ,'2015-11-20'
       ,'Австралия'
       ,'https://avatars.mds.yandex.net/get-kinopoisk-image/1599028/d9ac8816-5648-4614-ad6f-35657123db71/300x450');
insert into film(id,title,description,release_date,country,image)
values (53,'Хижина в лесу'
       ,'Пятеро молодых друзей-студентов отправляются на уикенд в одинокую хижину в лесу, чтобы весело провести там время. Но это место не случайно обходят стороной, и даже птицы стараются не пролетать над одиноким домом... Какую злую силу осмелятся пробудить эти подростки?'
       ,'2012-03-20'
       ,'Россия'
       ,'https://avatars.mds.yandex.net/get-kinopoisk-image/1946459/42118663-2fd2-4c76-991c-f503cb434854/600x900');
insert into film(id,title,description,release_date,country,image)
values (54,'Тихое место'
       ,'На маленькой ферме, расположенной в американской глубинке, живёт семья с двумя детьми. На первый взгляд, их жизнь протекает спокойно, дни идут своим чередом, однако это далеко не так. Семья вынуждена жить в доме, населённом монстрами, которые мгновенно реагируют на любой звук.'
       ,'2018-10-15'
       ,'США'
       ,'https://upload.wikimedia.org/wikipedia/ru/4/45/%D0%9F%D0%BE%D1%81%D1%82%D0%B5%D1%80_%D1%84%D0%B8%D0%BB%D1%8C%D0%BC%D0%B0_%C2%AB%D0%A2%D0%B8%D1%85%D0%BE%D0%B5_%D0%BC%D0%B5%D1%81%D1%82%D0%BE%C2%BB.jpg');
insert into film(id,title,description,release_date,country,image)
values (55,'Гоголь. Вий'
       ,'Писарь из Санкт-Петербурга Николай Гоголь бросает вызов загадочному тёмному Всаднику, который жестоко расправляется с девушками в окрестностях села Диканька. Собрав команду из местного полицейского, пьяницы-доктора, суеверного кузнеца и странствующего философа-экзорциста, Гоголь пытается заманить злодея в ловушку, но на его пути встает самое жуткое порождение нечистой силы — Вий'
       ,'2018-04-20'
       ,'Россия'
       ,'https://avatars.mds.yandex.net/get-kinopoisk-image/1900788/5fd9b908-b048-4fc2-b0c0-ffe1b7c3590b/600x900');
insert into film(id,title,description,release_date,country,image)
values (56,'Кровавая леди Батори'
       ,'17 век. Чейте (Чахтице), Королевство Венгрия. В огромном замке, окруженном лесами и горами, живет прекрасная графиня Елизавета Батори. Она умна и красива, элегантна и учтива. И никто не знает, что в замке знаменитой красавицы творятся страшные вещи. Иногда легенды — не вымысел. Такова история самой влиятельной женщины своего времени и самой жестокой убийцы всех времен.'
       ,'2015-02-22'
       ,'Россия'
       ,'https://avatars.mds.yandex.net/get-kinopoisk-image/1600647/9be148f1-dadf-441d-a5d7-8fa9d7739fd6/300x450');
insert into film(id,title,description,release_date,country,image)
values (57,'Тайна перевала Дятлова'
       ,'Мистический триллер, основанный на реальных событиях, произошедших на Урале в 1959 году. Группа из девяти опытных туристов под руководством студента Игоря Дятлова отправляется в лыжный поход, но в конечной точке так и не объявляется — все члены экспедиции погибают при странных обстоятельствах.'
       ,'2013-06-11'
       ,'Россия'
       ,'https://avatars.mds.yandex.net/get-kinopoisk-image/1629390/295ac2e3-b91b-48a7-8806-aedeca5fd78d/600x900');
insert into film(id,title,description,release_date,country,image)
values (58,'Пиковая дама: Черный обряд'
       ,'С древних времен считается, что любое зеркало может стать порталом в мир мертвых. Одним из старейших мистических ритуалов с зеркалом является обряд вызова Пиковой дамы. Четверо подростков в шутку решают призвать ее, но даже не подозревают, на какие ужасы они обрекли себя и своих близких. Теперь мстительный призрак не остановится, пока не получит их души.'
       ,'2015-01-20'
       ,'Россия'
       ,'https://avatars.mds.yandex.net/get-kinopoisk-image/4716873/3028525b-d744-4db2-b14d-bd2ea2c99f0b/600x900');
insert into film(id,title,description,release_date,country,image)
values (59,'Невеста'
       ,'После свадьбы Настя уговаривает мужа взять её с собой к его родственникам, которые живут в маленьком, почти заброшенном городке. Но скоро начинает сожалеть о своей просьбе. Семья Вани хочет провести таинственный свадебный обряд по своим традициям, и Настю начинают пугать страшные сны и непонятные предчувствия. Попытка понять, что происходит, приводит девушку к жуткой находке — шкатулке с фотографиями мертвых людей.'
       ,'2017-03-15'
       ,'Россия'
       ,'https://upload.wikimedia.org/wikipedia/ru/thumb/e/e0/%D0%9D%D0%B5%D0%B2%D0%B5%D1%81%D1%82%D0%B0_%D0%BF%D0%BE%D1%81%D1%82%D0%B5%D1%80.jpg/204px-%D0%9D%D0%B5%D0%B2%D0%B5%D1%81%D1%82%D0%B0_%D0%BF%D0%BE%D1%81%D1%82%D0%B5%D1%80.jpg');
insert into film(id,title,description,release_date,country,image)
values (60,'Конверт'
       ,'Москва. Наши дни. В архитектурную компанию по ошибке приходит странное письмо. Секретарь, заметив недоразумение, просит водителя Игоря доставить конверт по нужному адресу. С этого момента в его жизни начинают происходить необъяснимые вещи: злосчастный конверт как будто преследует героя, целенаправленно ведя его к таинственному адресату.'
       ,'2017-02-15'
       ,'Россия'
       ,'https://upload.wikimedia.org/wikipedia/ru/thumb/a/af/%D0%9A%D0%BE%D0%BD%D0%B2%D0%B5%D1%80%D1%82_%D1%84%D0%B8%D0%BB%D1%8C%D0%BC.jpg/212px-%D0%9A%D0%BE%D0%BD%D0%B2%D0%B5%D1%80%D1%82_%D1%84%D0%B8%D0%BB%D1%8C%D0%BC.jpg');

insert into film_genre(film_id,genre_id)
values (46,4);
insert into film_genre(film_id,genre_id)
values (47,4);
insert into film_genre(film_id,genre_id)
values (48,4);
insert into film_genre(film_id,genre_id)
values (49,4);
insert into film_genre(film_id,genre_id)
values (50,4);
insert into film_genre(film_id,genre_id)
values (51,4);
insert into film_genre(film_id,genre_id)
values (52,4);
insert into film_genre(film_id,genre_id)
values (53,4);
insert into film_genre(film_id,genre_id)
values (54,4);
insert into film_genre(film_id,genre_id)
values (55,4);
insert into film_genre(film_id,genre_id)
values (56,4);
insert into film_genre(film_id,genre_id)
values (57,4);
insert into film_genre(film_id,genre_id)
values (58,4);
insert into film_genre(film_id,genre_id)
values (59,4);
insert into film_genre(film_id,genre_id)
values (60,4);

insert into film(id,title,description,release_date,country,image)
values (61,'Форрест Гамп'
       ,'Форресту Гампу - умственно отсталому человеку с добрым сердцем - удается добиться в жизни многого: стать звездой американского футбола, героем вьетнамской войны и даже миллиардером.  Почти во всех сценах, где Форрест бегает, Тома Хэнкса дублировал его младший брат Джим.'
       ,'1994-02-10'
       ,'США'
       ,'https://avatars.mds.yandex.net/get-kinopoisk-image/1599028/3560b757-9b95-45ec-af8c-623972370f9d/600x900');
insert into film(id,title,description,release_date,country,image)
values (62,'Назад в будущее'
       ,'Марти был обычным выпускником, пока его "сумасшедший" друг, профессор Док Браун не изобрел машину времени. На Делориане, модель которого очень напоминает космический корабль, он отправляется в прошлое, чтобы встретить свою маму-школьницу, и свести ее с отцом - недотяпой.'
       ,'1985-10-10'
       ,'США'
       ,'https://avatars.mds.yandex.net/get-kinopoisk-image/1599028/73cf2ed0-fd52-47a2-9e26-74104360786a/600x900');
insert into film(id,title,description,release_date,country,image)
values (63,'Иван Васильевич меняет профессию'
       ,'Изобретатель Шурик пытается построить дома машину времени. Однажды во время ее очередного испытания он получает удар током и ему привидилось, что испытания прошли успешно и он открыл "окно" в Кремль в эпоху царя Иоана Грозного. Вскоре это окно закрылось, но при этом царь попал в наше время, а сосед Шурика Иван Васильевич Бунш и оказавшийся случайно рядом квартирный вор Жорж Милославский попадают на его место на четыреста лет назад.'
       ,'1973-07-20'
       ,'Россия'
       ,'https://thumbs.dfs.ivi.ru/storage4/contents/6/2/1cf8c51f505b3b1c64a8eb8d0f3025.jpg');
insert into film(id,title,description,release_date,country,image)
values (64,'Бриллиантовая рука'
       ,'Семен Семенович Горбунков отправился в отпуск. Поскользнулся, упал и сгоряча сказал "Черт побери!". На этом начались его приключения. Оказалось, что Горбунков случайно произнес пароль для контрабандистов. Пока он был без сознания, ему в гипс спрятали бриллианты.  Вскоре на след Горбункова выходит настоящий контрабандист...'
       ,'1968-02-14'
       ,'Россия'
       ,'https://avatars.mds.yandex.net/get-kinopoisk-image/1600647/a419d20d-4ae6-4c7c-91b3-c38ef9ca1ffe/600x900');
insert into film(id,title,description,release_date,country,image)
values (65,'День сурка'
       ,'Амбициозный телевизионный ведущий Фил Коннорс каждый год, уже много лет, приезжает в маленький уютный городок в Штате Пенсильвания на празднования Дня Сурка. Но уехать из этого города ему не удается, так как время для него останавливается на дате 2 февраля. И что бы он ни делал, где бы он не оказывался - в тюрьме, после ограбления; в морге, после самоубийства; в чужой постели, у какой-то красотки, каждое утро он все просыпается в своей постели, в отеле 2 февраля и ему снова надо идти и делать репортаж о сурке...  '
       ,'1993-05-16'
       ,'США'
       ,'https://upload.wikimedia.org/wikipedia/ru/4/41/Groundhog_Day.jpg');
insert into film(id,title,description,release_date,country,image)
values (66,'Римские каникулы'
       ,'Юная принцесса Анна однажды убегает из дворца, чтобы в одиночку погулять по улицам Рима. Случай сводит ее с журналистом Джо Брэдли, который понимает, что теперь у него в кармане сенсационный репортаж, но тут вмешивается любовь...  Фильм специально был снят на черно-белую пленку для того, чтобы римские красоты не затмили собою актеров.'
       ,'1953-03-14'
       ,'США'
       ,'https://kino-ussr.ru/uploads/posts/2013-09/1378120764_rimskie-kanikuly-1953.jpg');
insert into film(id,title,description,release_date,country,image)
values (67,'Один дома'
       ,'В спешке собираясь в рождественское путешествие, нерадивые родители забывают дома своего малолетнего сына. Малыш безумно счастлив, так как остался дома совсем один и может делать теперь, что хочет. И даже когда в его дом собирается залезть парочка обыкновенных воров, он не пугается и дает им такой отпор, что потом тюрьма для них покажется раем...'
       ,'1990-01-15'
       ,'США'
       ,'https://upload.wikimedia.org/wikipedia/ru/0/03/Home_Alone_dvd_rus.jpg');
insert into film(id,title,description,release_date,country,image)
values (68,'Жизнь прекрасна'
       ,'Вторая мировая война. Италия.  Фашисты арестовывают всех евреев и отправляют их в концлагерь, откуда выйти живым практически невозможно. Туда попадают отец с маленьким сыном. Жена, не смотря на то, что она по происхождению итальянка и арест ей не грозил, добровольно отправляется следом за ними.  Чтобы спасти сына, отец рассказывает ему, что все происходящее - большая и увлекательная игра в борьбе за главный приз - настоящий танк, а победить может только тот мальчик, который ни разу не попадется на глаза местным надзирателям...'
       ,'1997-07-19'
       ,'Италия'
       ,'https://avatars.mds.yandex.net/get-kinopoisk-image/1599028/97353be9-362d-47bc-bbeb-c366db381c33/600x900');
insert into film(id,title,description,release_date,country,image)
values (69,'День «да»'
       ,'В течение одного дня родители решили на все просьбы детей отвечать «да».'
       ,'2021-09-20'
       ,'США'
       ,'https://avatars.mds.yandex.net/get-kinopoisk-image/1773646/4b4a7cb3-6307-41e0-b273-e3b1d60c18f0/600x900');
insert into film(id,title,description,release_date,country,image)
values (70,'Веселые гастроли на Черном море'
       ,'На Черное море в Ялту приезжает на гастроли знаменитая эстрадная певица Лариса. Сойдя с трапа самолета, она дает интервью, в котором признается, что ищет своего суженого. С этого момента и закручиваются веселые приключения, основой которых являются коварство, любовь и, конечно, музыка.'
       ,'2019-08-18'
       ,'Россия'
       ,'https://fs.kinomania.ru/file/film/9/7a/97abbf679b8342aa8a0291ca466bc000.jpeg');
insert into film(id,title,description,release_date,country,image)
values (71,'Однушка'
       ,'Найти хорошее жильё в Москве непросто. Метро должно быть рядом, соседи — дружелюбными, комнаты — светлыми, а потолки — высокими. Желательно, чтобы рядом также были детские сады и школы, ведь нужно думать о будущем. Молодая пара в поисках квартиры забирается далеко от центра. Герои договариваются о просмотре однокомнатной квартиры и не ожидают подвоха. Но без сюрпризов не обойдётся. Мало того, что риэлтор запаздывает, так и на квартиру претендуют сразу несколько желающих. Но не отказываться же теперь от выгодного предложения!'
       ,'2019-02-12'
       ,'Россия'
       ,'https://avatars.mds.yandex.net/get-kinopoisk-image/1777765/f40fe15b-04c1-4ecb-80ed-e8e5bf877de9/600x900');
insert into film(id,title,description,release_date,country,image)
values (72,'О чём говорят мужчины'
       ,'О чем говорят мужчины? Конечно, о женщинах. Нет, еще о работе, о деньгах, о машинах, о футболе,… но в основном, все-таки, о женщинах. А уж если у них впереди два дня, которые они, вырвавшись из офисов и семей, уехав от всех забот и обязательств, проведут в дороге – два дня, насыщенные событиями и приключениями – то можете быть уверены, что за это время они успеют обсудить немало тем…'
       ,'2010-04-17'
       ,'Россия'
       ,'https://www.kino-teatr.ru/movie/posters/big/5/81235.jpg');
insert into film(id,title,description,release_date,country,image)
values (73,'Ёлки'
       ,'Новогодние события происходят в 11 городах: Калининграде, Казани, Перми, Уфе, Бавлах, Екатеринбурге, Красноярске, Якутске, Новосибирске, Санкт-Петербурге и Москве. Герои фильма — таксист и поп-дива, бизнесмен и актер, сноубордист и лыжник, студент и пенсионерка, пожарный и директриса, вор и милиционер, гастарбайтер и президент России. Все они оказываются в самый канун Нового года в очень непростой ситуации, выйти из которой им поможет только чудо… или Теория шести рукопожатий, согласно которой каждый человек на земле знает другого через шесть знакомых.'
       ,'2010-02-12'
       ,'Россия'
       ,'https://upload.wikimedia.org/wikipedia/ru/thumb/e/ed/Yolki.jpg/211px-Yolki.jpg');
insert into film(id,title,description,release_date,country,image)
values (74,'Призрак'
       ,'Еще вчера Юрий Гордеев — амбициозный авиаконструктор и любимец женщин — был в шаге от своего триумфа. Его самолет ЮГ-1 должен был стать настоящим прорывом в отечественной авиации. Но сегодня его никто не видит и не слышит, и конкурент по бизнесу беспрепятственно закрывает его компанию. Все потому, что Юра разбился в автокатастрофе и стал призраком.'
       ,'2015-10-20'
       ,'Россия'
       ,'https://avatars.mds.yandex.net/get-kinopoisk-image/1600647/d63cfb4f-c943-401a-9bb2-b0e845345bf8/600x900');
insert into film(id,title,description,release_date,country,image)
values (75,'Горько!'
       ,'Прогрессивные и талантливые Наташа и Рома мечтают о европейской свадьбе на берегу моря... но у Наташиного отчима заготовлен другой сценарий. Грубый чиновник городской администрации рассматривает торжество как трамплин для собственной карьеры и стремится устроить все «как надо». Молодых ждет незабываемый вечер в ресторане «Золотой» с полным набором занудных обрядов. Не в силах бороться, ребята решают провести свадьбу своей мечты в секрете от консервативных родственников. Но по нелепой случайности оба торжества сливаются воедино.  '
       ,'2013-07-15'
       ,'Россия'
       ,'https://upload.wikimedia.org/wikipedia/ru/d/d1/%D0%9F%D0%BE%D1%81%D1%82%D0%B5%D1%80_%D1%84%D0%B8%D0%BB%D1%8C%D0%BC%D0%B0_%C2%AB%D0%93%D0%BE%D1%80%D1%8C%D0%BA%D0%BE%21%C2%BB.jpg');


insert into film_genre(film_id,genre_id)
values (61,5);
insert into film_genre(film_id,genre_id)
values (62,5);
insert into film_genre(film_id,genre_id)
values (63,5);
insert into film_genre(film_id,genre_id)
values (64,5);
insert into film_genre(film_id,genre_id)
values (65,5);
insert into film_genre(film_id,genre_id)
values (66,5);
insert into film_genre(film_id,genre_id)
values (67,5);
insert into film_genre(film_id,genre_id)
values (68,5);
insert into film_genre(film_id,genre_id)
values (69,5);
insert into film_genre(film_id,genre_id)
values (70,5);
insert into film_genre(film_id,genre_id)
values (71,5);
insert into film_genre(film_id,genre_id)
values (72,5);
insert into film_genre(film_id,genre_id)
values (73,5);
insert into film_genre(film_id,genre_id)
values (74,5);
insert into film_genre(film_id,genre_id)
values (75,5);






